<application>
  <component name="AndroidLogcatFilterHistory">
    <option name="mostRecentlyUsed" value="package:mine Combine" />
    <option name="nonFavorites">
      <list>
        <option value="package:mine Combine" />
        <option value="package:mine " />
        <option value="idle_star" />
        <option value="idle" />
        <option value="package:com.happygin.idle_star_miner" />
        <option value="idle_s" />
        <option value="GoogleApiManager" />
        <option value="idle_" />
        <option value="Auth_idle" />
        <option value="auth_idle" />
        <option value="auth_i" />
        <option value="auth" />
        <option value="EventHandler" />
        <option value="level:error idle" />
        <option value="level:error " />
        <option value="om.happygin.idle_star_miner" />
        <option value="idle_st" />
        <option value="Event hand" />
        <option value="LA Pat" />
        <option value="LA " />
      </list>
    </option>
  </component>
</application>