<application>
  <component name="FileTypeManager" version="19">
    <extensionMap>
      <mapping pattern="json" type="AUTO_DETECTED" />
      <mapping ext="lottie" type="PLAIN_TEXT" />
      <removed_mapping ext="apk" approved="true" type="ARCHIVE" />
      <removed_mapping ext="geom" approved="true" type="Glsl File" />
      <removed_mapping ext="glsl" approved="true" type="Glsl File" />
      <removed_mapping ext="pro" approved="true" type="DeviceSpecFile" />
      <removed_mapping ext="psd" approved="true" type="Image" />
    </extensionMap>
  </component>
</application>