<application>
  <component name="BuildProcessSatisfactionSurveyStore">
    <option name="daysWithGradleBuilds" value="14" />
    <option name="firstKotlinGradleBuildTime" value="1730051099" />
    <option name="lastKotlinGradleBuildTime" value="1736712311" />
    <option name="nextCountedGradleBuild" value="1736796870" />
  </component>
  <component name="KotlinNewUserTracker">
    <option name="firstKtFileOpened" value="1729597320" />
    <option name="lastKtFileOpened" value="1744641086" />
    <option name="newKtUserSince" value="1729597320" />
  </component>
</application>