<application>
  <component name="StudioBotSettings">
    <option name="acceptedTermsVersion" value="3" />
    <option name="contextSharingModeV2" value="AlwaysShare" />
    <option name="onboardedVersion" value="3" />
    <option name="queryHistory">
      <list>
        <historyEntry timestamp="1736967871692">Make suggestions to improve this code:
```kotlin
coroutineScope {
    boxStates.forEachIndexed { index,boxState -&gt;
        launch {
            boxState.capAnimatable.animateTo(0f, tween(800))
            boxStates[index] = boxState.copy(isBoxClosed = false, elementId = &quot;&quot;)
        }
    }
}
```</historyEntry>
        <historyEntry timestamp="1736967856065">Make suggestions to improve this code:
```kotlin
capAnimatable
```</historyEntry>
        <historyEntry timestamp="1736714006852">Explain the following code: 
```kotlin
launch {
firstCapAnimatable.animateTo(0f, animationSpec = tween(800))
}
launch {
secondCapAnimatable.animateTo(0f, animationSpec = tween(800))
}
```</historyEntry>
        <historyEntry timestamp="1736713984736">why this not launching&amp;</historyEntry>
        <historyEntry timestamp="1736710814669">ц</historyEntry>
        <historyEntry timestamp="1736710695766">н</historyEntry>
        <historyEntry timestamp="1736710536991">What is a composable?</historyEntry>
      </list>
    </option>
  </component>
</application>