<application>
  <component name="Trusted.Paths">
    <option name="TRUSTED_PROJECT_PATHS">
      <map>
        <entry key="C:\AndroidProjects" value="true" />
        <entry key="C:\AndroidProjects\AndroidTBNRG\GeoQuiz" value="true" />
        <entry key="C:\AndroidProjects\CoinContolApp" value="true" />
        <entry key="C:\AndroidProjects\ComposePhysicsLayout" value="true" />
        <entry key="C:\AndroidProjects\Ecosystems" value="true" />
        <entry key="C:\AndroidProjects\HGI-Manager" value="true" />
        <entry key="C:\AndroidProjects\KMPalchemygame" value="true" />
        <entry key="C:\AndroidProjects\MovieApp" value="true" />
        <entry key="C:\AndroidProjects\MyApplication" value="true" />
        <entry key="C:\AndroidProjects\MyApplicationtest" value="true" />
        <entry key="C:\AndroidProjects\SearchViewRecyclerViewKotlin" value="true" />
        <entry key="C:\AndroidProjects\Telegram" value="true" />
        <entry key="C:\AndroidProjects\android-tutorials\navigation-activities-example" value="true" />
        <entry key="C:\Users\user\AndroidStudioProjects\ComposeLearn" value="true" />
        <entry key="C:\Users\user\AndroidStudioProjects\ComposeShit" value="true" />
        <entry key="C:\Users\user\AndroidStudioProjects\CriminalIntent" value="true" />
        <entry key="C:\Users\user\AndroidStudioProjects\CriminalIntent2" value="true" />
        <entry key="C:\Users\user\AndroidStudioProjects\GeoQuiz" value="true" />
      </map>
    </option>
  </component>
  <component name="Trusted.Paths.Settings">
    <option name="TRUSTED_PATHS">
      <list>
        <option value="C:\AndroidProjects\android-tutorials" />
        <option value="C:\AndroidProjects" />
      </list>
    </option>
  </component>
</application>