<application>
  <component name="DimensionService">
    <location key="WELCOME_SCREEN.0.0.2880.1620@192dpi" x="1448" y="600" />
    <location key="find.popup.0.0.2880.1620@192dpi" x="790" y="124" />
    <size key="GridCell.Tab.0.left.0.0.2880.1620@192dpi" width="2750" height="512" />
    <size key="GridCell.Tab.0.center.0.0.2880.1620@192dpi" width="2750" height="512" />
    <size key="GridCell.Tab.0.right.0.0.2880.1620@192dpi" width="2750" height="512" />
    <size key="GridCell.Tab.0.bottom.0.0.2880.1620@192dpi" width="2750" height="512" />
    <size key="GridCell.Tab.1.left.0.0.2880.1620@192dpi" width="2750" height="512" />
    <size key="GridCell.Tab.1.center.0.0.2880.1620@192dpi" width="2750" height="512" />
    <size key="GridCell.Tab.1.right.0.0.2880.1620@192dpi" width="2750" height="512" />
    <size key="GridCell.Tab.1.bottom.0.0.2880.1620@192dpi" width="2750" height="512" />
    <size key="find.popup.0.0.2880.1620@192dpi" width="1292" height="1076" />
    <size key="GridCell.Tab.2.left.0.0.2880.1620@192dpi" width="2718" height="418" />
    <size key="GridCell.Tab.2.center.0.0.2880.1620@192dpi" width="2718" height="418" />
    <size key="GridCell.Tab.2.right.0.0.2880.1620@192dpi" width="2718" height="418" />
    <size key="GridCell.Tab.2.bottom.0.0.2880.1620@192dpi" width="2718" height="418" />
    <size key="GridCell.Tab.3.left.0.0.2880.1620@192dpi" width="2718" height="418" />
    <size key="GridCell.Tab.3.center.0.0.2880.1620@192dpi" width="2718" height="418" />
    <size key="GridCell.Tab.3.right.0.0.2880.1620@192dpi" width="2718" height="418" />
    <size key="GridCell.Tab.3.bottom.0.0.2880.1620@192dpi" width="2718" height="418" />
    <size key="GridCell.Tab.0.left.0.0.1920.1080@120dpi" width="1839" height="300" />
    <size key="GridCell.Tab.0.center.0.0.1920.1080@120dpi" width="1839" height="300" />
    <size key="GridCell.Tab.0.right.0.0.1920.1080@120dpi" width="1839" height="300" />
    <size key="GridCell.Tab.0.bottom.0.0.1920.1080@120dpi" width="1839" height="300" />
  </component>
  <component name="WindowManager">
    <frame x="-14" y="-14" width="2906" height="1646" extendedState="6" />
  </component>
  <component name="WindowStateApplicationService">
    <state width="720" height="120" key="ShowUsagesActions.dimensionServiceKey" timestamp="1735064862469">
      <screen x="0" y="0" width="1440" height="762" />
    </state>
    <state width="720" height="120" key="ShowUsagesActions.dimensionServiceKey/0.0.1440.762" timestamp="1735064862469" />
  </component>
</application>